{"ModelTransformsList":[{"modelPosition":{"x":5.090000152587891,"y":0.6000000238418579,"z":7.289999961853027},"modelRotation":{"x":0.0,"y":39.999996185302737,"z":0.0}}]}