{"ModelTransformsList":[{"modelPosition":{"x":5.090000152587891,"y":0.6000000238418579,"z":7.289999961853027},"modelRotation":{"x":0.0,"y":39.999996185302737,"z":0.0}},{"modelPosition":{"x":-2.0999999046325685,"y":0.6000000238418579,"z":6.099999904632568},"modelRotation":{"x":0.0,"y":39.999996185302737,"z":0.0}}]}