{"ModelTransformsList":[{"modelPosition":{"x":5.090000152587891,"y":0.6000000238418579,"z":7.289999961853027},"modelRotation":{"x":0.0,"y":39.999996185302737,"z":0.0}},{"modelPosition":{"x":5.090000152587891,"y":0.6000000238418579,"z":18.299999237060548},"modelRotation":{"x":0.0,"y":39.999996185302737,"z":0.0}},{"modelPosition":{"x":15.100000381469727,"y":0.6000000238418579,"z":18.299999237060548},"modelRotation":{"x":0.0,"y":39.999996185302737,"z":0.0}},{"modelPosition":{"x":15.100000381469727,"y":1.0,"z":7.800000190734863},"modelRotation":{"x":0.0,"y":39.999996185302737,"z":0.0}}]}