{"ModelTransformsList":[{"modelPosition":{"x":10.229999542236329,"y":0.6000000238418579,"z":4.460000038146973},"modelRotation":{"x":0.0,"y":39.999996185302737,"z":0.0}},{"modelPosition":{"x":-0.4000000059604645,"y":0.6000000238418579,"z":6.900000095367432},"modelRotation":{"x":0.0,"y":39.999996185302737,"z":0.0}}]}