{"cameraMode":{"drawMode":0,"name":"Shaded","section":"Shading Mode"},"sceneLighting":true,"audioPlay":false,"sceneViewState":{"m_AlwaysRefresh":false,"showFog":true,"showSkybox":true,"showFlares":true,"showImageEffects":true,"showParticleSystems":true,"showVisualEffectGraphs":true,"m_FxEnabled":true},"in2DMode":false,"pivot":{"x":10.659042358398438,"y":13.770868301391602,"z":1.4856138229370118},"rotation":{"x":0.12615655362606049,"y":-0.7232708930969238,"z":0.13722531497478486,"w":0.6649318337440491},"size":37.04236602783203,"orthographic":false}