{"cameraMode":{"drawMode":0,"name":"Shaded","section":"Shading Mode"},"sceneLighting":true,"audioPlay":false,"sceneViewState":{"m_AlwaysRefresh":false,"showFog":true,"showSkybox":true,"showFlares":true,"showImageEffects":true,"showParticleSystems":true,"showVisualEffectGraphs":true,"m_FxEnabled":true},"in2DMode":false,"pivot":{"x":1.1761841773986817,"y":3.3333892822265627,"z":-3.041107177734375},"rotation":{"x":0.15082739293575288,"y":-0.034985125064849856,"z":0.005341243930160999,"w":0.9879323840141296},"size":9.341747283935547,"orthographic":true}