{"cameraMode":{"drawMode":0,"name":"Shaded","section":"Shading Mode"},"sceneLighting":true,"audioPlay":false,"sceneViewState":{"m_AlwaysRefresh":false,"showFog":true,"showSkybox":true,"showFlares":true,"showImageEffects":true,"showParticleSystems":true,"showVisualEffectGraphs":true,"m_FxEnabled":true},"in2DMode":false,"pivot":{"x":-4.2916259765625,"y":5.500005722045898,"z":-25.202014923095704},"rotation":{"x":0.20758862793445588,"y":-0.14552642405033112,"z":0.031246591359376909,"w":0.9668280482292175},"size":22.460983276367189,"orthographic":true}