{"CameraStartPosition":{"x":-3.9574167728424074,"y":11.216607093811036,"z":-11.661490440368653},"CameraStartRotation":{"x":0.0,"y":0.0,"z":0.0},"TargetPosition":{"x":0.0,"y":0.0,"z":0.0},"AmmountofPhotos":0}