{"CameraStartPosition":{"x":-5.599999904632568,"y":6.5,"z":-15.300000190734864},"CameraStartRotation":{"x":14.749641418457032,"y":0.0,"z":0.0},"TargetPosition":{"x":5.090000152587891,"y":0.6000000238418579,"z":7.289999961853027},"AmmountofPhotos":2}