{"CameraStartPosition":{"x":-5.599999904632568,"y":6.5,"z":-15.300000190734864},"CameraStartRotation":{"x":14.749641418457032,"y":0.0,"z":0.0},"TargetPosition":{"x":-5.599999904632568,"y":6.5,"z":-15.300000190734864},"AmmountofPhotos":2}