{"CameraSrategyName":"SecurityCamera","CameraStartPosition":{"x":-1.7000000476837159,"y":5.96999979019165,"z":-15.0600004196167},"CameraStartRotation":{"x":12.222153663635254,"y":342.9523010253906,"z":1.0919674053866402e-7},"TargetPosition":{"x":-5.599999904632568,"y":3.0884149074554445,"z":-2.3415632247924806},"Angle":20.0,"AmmountOfSteps":1}