{"CameraSrategyName":"SecurityCamera","CameraStartPosition":{"x":-5.599999904632568,"y":6.5,"z":-15.300000190734864},"CameraStartRotation":{"x":14.749645233154297,"y":0.0,"z":0.0},"TargetPosition":{"x":-5.599999904632568,"y":3.088414192199707,"z":-2.341564178466797},"Angle":20.0,"AmmountOfSteps":1}