{"CameraSrategyName":"Rotate360","CameraStartPosition":{"x":-3.5299999713897707,"y":6.800000190734863,"z":-15.359999656677246},"CameraStartRotation":{"x":24.080699920654298,"y":335.859130859375,"z":-9.351589369543945e-7},"TargetPosition":{"x":-11.399999618530274,"y":-1.7999999523162842,"z":2.200000047683716},"AmmountofPhotos":2}