{"configurationParameters":{"EnvironmentFileName":"Environment1","ModelFileName":"Model1","LightFileName":"Light1","PositionsFileName":"test","CameraStrategyFileName":"test"},"modelPosition":{"x":0.27000001072883608,"y":0.6000000238418579,"z":6.389999866485596},"modelRotation":{"x":0.0,"y":39.999996185302737,"z":0.0},"cameraPosition":{"x":-1.8799989223480225,"y":6.550000190734863,"z":11.440000534057618},"cameraRotation":{"x":20.068443298339845,"y":169.04080200195313,"z":9.089627610592288e-7},"ModelIsCrossing":true,"ModelOutOfView":false}