{"configurationParameters":{"EnvironmentFileName":"Environment1","ModelFileName":"Model1","LightFileName":"Light1","PositionsFileName":"test","CameraStrategyFileName":"test"},"modelPosition":{"x":8.5600004196167,"y":0.6000000238418579,"z":6.920000076293945},"modelRotation":{"x":0.0,"y":39.999996185302737,"z":0.0},"cameraPosition":{"x":3.4800000190734865,"y":6.550000190734863,"z":-16.239999771118165},"cameraRotation":{"x":20.068443298339845,"y":349.0408020019531,"z":6.81722099216131e-7},"ModelIsCrossing":true,"ModelOutOfView":false}