{"configurationParameters":{"EnvironmentFileName":"Environment1","ModelFileName":"Model1","LightFileName":"Light1","PositionsFileName":"1","CameraStrategyFileName":"1"},"modelPosition":{"x":5.090000152587891,"y":0.6000000238418579,"z":14.199999809265137},"modelRotation":{"x":0.0,"y":39.999996185302737,"z":0.0},"cameraPosition":{"x":-5.599999904632568,"y":6.5,"z":-15.300000190734864},"cameraRotation":{"x":14.749648094177246,"y":340.0,"z":-6.621496595471399e-7},"ModelIsCrossing":true,"ModelOutOfView":false}