{"configurationParameters":{"EnvironmentFileName":"Environment1","ModelFileName":"Model1","LightFileName":"Light1","PositionsFileName":"1","CameraStrategyFileName":"1"},"modelPosition":{"x":5.090000152587891,"y":0.6000000238418579,"z":7.289999961853027},"modelRotation":{"x":0.0,"y":39.999996185302737,"z":0.0},"cameraPosition":{"x":-1.7000000476837159,"y":5.96999979019165,"z":-15.0600004196167},"cameraRotation":{"x":12.222153663635254,"y":2.9522905349731447,"z":1.0919674764409138e-7},"ModelIsCrossing":false,"ModelOutOfView":true}