{"cameraMode":{"drawMode":0,"name":"Shaded","section":"Shading Mode"},"sceneLighting":false,"audioPlay":false,"sceneViewState":{"m_AlwaysRefresh":false,"showFog":true,"showSkybox":false,"showFlares":true,"showImageEffects":true,"showParticleSystems":true,"showVisualEffectGraphs":true,"m_FxEnabled":true},"in2DMode":false,"pivot":{"x":-2.8648319244384767,"y":0.8133028745651245,"z":0.07026386260986328},"rotation":{"x":0.12615655362606049,"y":-0.7232708930969238,"z":0.13722531497478486,"w":0.6649318337440491},"size":5.335785388946533,"orthographic":false}